Base,BTreeFeatures,Checksum,ChunkedNIO,Critical_Eviction,DirectNIO,Evictor,Finest,IEvictor,INCompressor,IO,ITracing,LogSize,NewIO,NIOBase,NIOType,OldIO,Persistence,S100MiB,S1MiB,Severe,SingleWriteNIO,Statistics,Tracing,TracingLevel,Verifier,PERF
1,1,1,0,1,0,1,0,1,0,1,0,1,0,0,0,1,1,1,0,0,0,0,0,0,0,3451
1,1,1,0,1,0,1,0,1,0,1,0,1,0,0,0,1,1,1,0,0,0,1,0,0,0,3138
1,1,1,0,1,0,1,0,1,1,1,0,1,0,0,0,1,1,1,0,0,0,0,0,0,0,3314
1,1,1,0,1,0,1,0,1,1,1,0,1,0,0,0,1,1,1,0,0,0,1,0,0,0,3398
1,1,1,0,1,0,1,0,1,1,1,0,1,0,0,0,1,1,1,0,0,0,0,0,0,1,3269
1,1,1,0,1,0,1,0,1,1,1,0,1,0,0,0,1,1,1,0,0,0,1,0,0,1,3333
1,1,1,0,1,0,1,0,1,0,1,0,1,0,0,0,1,1,0,1,0,0,0,0,0,0,5231
1,1,1,0,1,0,1,0,1,0,1,0,1,0,0,0,1,1,0,1,0,0,1,0,0,0,5289
1,1,1,0,1,0,1,0,1,1,1,0,1,0,0,0,1,1,0,1,0,0,0,0,0,0,5235
1,1,1,0,1,0,1,0,1,1,1,0,1,0,0,0,1,1,0,1,0,0,1,0,0,0,5304
1,1,1,0,1,0,1,0,1,1,1,0,1,0,0,0,1,1,0,1,0,0,0,0,0,1,5241
1,1,1,0,1,0,1,0,1,1,1,0,1,0,0,0,1,1,0,1,0,0,1,0,0,1,5338
1,1,1,0,1,0,1,0,1,0,1,1,1,0,0,0,1,1,1,0,1,0,0,1,1,0,3269
1,1,1,0,1,0,1,0,1,0,1,1,1,0,0,0,1,1,1,0,1,0,1,1,1,0,3139
1,1,1,0,1,0,1,0,1,1,1,1,1,0,0,0,1,1,1,0,1,0,0,1,1,0,3264
1,1,1,0,1,0,1,0,1,1,1,1,1,0,0,0,1,1,1,0,1,0,1,1,1,0,3153
1,1,1,0,1,0,1,0,1,1,1,1,1,0,0,0,1,1,1,0,1,0,0,1,1,1,3161
1,1,1,0,1,0,1,0,1,1,1,1,1,0,0,0,1,1,1,0,1,0,1,1,1,1,3512
1,1,1,0,1,0,1,0,1,0,1,1,1,0,0,0,1,1,0,1,1,0,0,1,1,0,5228
1,1,1,0,1,0,1,0,1,0,1,1,1,0,0,0,1,1,0,1,1,0,1,1,1,0,5328
1,1,1,0,1,0,1,0,1,1,1,1,1,0,0,0,1,1,0,1,1,0,0,1,1,0,5220
1,1,1,0,1,0,1,0,1,1,1,1,1,0,0,0,1,1,0,1,1,0,1,1,1,0,5310
1,1,1,0,1,0,1,0,1,1,1,1,1,0,0,0,1,1,0,1,1,0,0,1,1,1,5309
1,1,1,0,1,0,1,0,1,1,1,1,1,0,0,0,1,1,0,1,1,0,1,1,1,1,5328
1,1,1,0,1,0,1,1,1,0,1,1,1,0,0,0,1,1,0,1,0,0,0,1,1,0,14638
1,1,1,0,1,0,1,1,1,0,1,1,1,0,0,0,1,1,0,1,0,0,1,1,1,0,14761
1,1,1,0,1,0,1,1,1,1,1,1,1,0,0,0,1,1,0,1,0,0,0,1,1,0,14562
1,1,1,0,1,0,1,1,1,1,1,1,1,0,0,0,1,1,0,1,0,0,1,1,1,0,14786
1,1,1,0,1,0,1,1,1,1,1,1,1,0,0,0,1,1,0,1,0,0,0,1,1,1,14580
1,1,1,0,1,0,1,1,1,1,1,1,1,0,0,0,1,1,0,1,0,0,1,1,1,1,14905
1,1,1,0,1,0,1,1,1,0,1,1,1,0,0,0,1,1,1,0,0,0,0,1,1,0,4714
1,1,1,0,1,0,1,1,1,0,1,1,1,0,0,0,1,1,1,0,0,0,1,1,1,0,4881
1,1,1,0,1,0,1,1,1,1,1,1,1,0,0,0,1,1,1,0,0,0,0,1,1,0,4768
1,1,1,0,1,0,1,1,1,1,1,1,1,0,0,0,1,1,1,0,0,0,1,1,1,0,4879
1,1,1,0,1,0,1,1,1,1,1,1,1,0,0,0,1,1,1,0,0,0,0,1,1,1,4787
1,1,1,0,1,0,1,1,1,1,1,1,1,0,0,0,1,1,1,0,0,0,1,1,1,1,4903
1,1,1,1,1,0,1,0,1,0,1,0,1,1,1,1,0,1,1,0,0,0,0,0,0,0,3182
1,1,1,1,1,0,1,0,1,0,1,0,1,1,1,1,0,1,1,0,0,0,1,0,0,0,3232
1,1,1,1,1,1,1,0,1,0,1,0,1,1,1,1,0,1,1,0,0,0,0,0,0,0,3299
1,1,1,1,1,1,1,0,1,0,1,0,1,1,1,1,0,1,1,0,0,0,1,0,0,0,3428
1,1,1,1,1,0,1,0,1,1,1,0,1,1,1,1,0,1,1,0,0,0,0,0,0,0,3268
1,1,1,1,1,0,1,0,1,1,1,0,1,1,1,1,0,1,1,0,0,0,1,0,0,0,3412
1,1,1,1,1,1,1,0,1,1,1,0,1,1,1,1,0,1,1,0,0,0,0,0,0,0,3089
1,1,1,1,1,1,1,0,1,1,1,0,1,1,1,1,0,1,1,0,0,0,1,0,0,0,3605
1,1,1,1,1,0,1,0,1,1,1,0,1,1,1,1,0,1,1,0,0,0,0,0,0,1,3271
1,1,1,1,1,1,1,0,1,1,1,0,1,1,1,1,0,1,1,0,0,0,0,0,0,1,3341
1,1,1,1,1,0,1,0,1,1,1,0,1,1,1,1,0,1,1,0,0,0,1,0,0,1,3053
1,1,1,1,1,1,1,0,1,1,1,0,1,1,1,1,0,1,1,0,0,0,1,0,0,1,3429
1,1,1,1,1,0,1,0,1,0,1,0,1,1,1,1,0,1,0,1,0,0,0,0,0,0,5194
1,1,1,1,1,0,1,0,1,0,1,0,1,1,1,1,0,1,0,1,0,0,1,0,0,0,5350
1,1,1,1,1,1,1,0,1,0,1,0,1,1,1,1,0,1,0,1,0,0,0,0,0,0,5463
1,1,1,1,1,1,1,0,1,0,1,0,1,1,1,1,0,1,0,1,0,0,1,0,0,0,5468
1,1,1,1,1,0,1,0,1,1,1,0,1,1,1,1,0,1,0,1,0,0,0,0,0,0,5231
1,1,1,1,1,1,1,0,1,1,1,0,1,1,1,1,0,1,0,1,0,0,0,0,0,0,5432
1,1,1,1,1,0,1,0,1,1,1,0,1,1,1,1,0,1,0,1,0,0,1,0,0,0,5308
1,1,1,1,1,1,1,0,1,1,1,0,1,1,1,1,0,1,0,1,0,0,1,0,0,0,5515
1,1,1,1,1,0,1,0,1,1,1,0,1,1,1,1,0,1,0,1,0,0,0,0,0,1,5263
1,1,1,1,1,0,1,0,1,1,1,0,1,1,1,1,0,1,0,1,0,0,1,0,0,1,5316
1,1,1,1,1,1,1,0,1,1,1,0,1,1,1,1,0,1,0,1,0,0,0,0,0,1,5435
1,1,1,1,1,1,1,0,1,1,1,0,1,1,1,1,0,1,0,1,0,0,1,0,0,1,5494
1,1,1,0,1,0,1,0,1,0,1,0,1,1,1,1,0,1,0,1,0,1,0,0,0,0,5207
1,1,1,0,1,1,1,0,1,0,1,0,1,1,1,1,0,1,0,1,0,1,0,0,0,0,5365
1,1,1,0,1,0,1,0,1,0,1,0,1,1,1,1,0,1,0,1,0,1,1,0,0,0,5295
1,1,1,0,1,1,1,0,1,0,1,0,1,1,1,1,0,1,0,1,0,1,1,0,0,0,5486
1,1,1,0,1,0,1,0,1,1,1,0,1,1,1,1,0,1,0,1,0,1,0,0,0,0,5256
1,1,1,0,1,1,1,0,1,1,1,0,1,1,1,1,0,1,0,1,0,1,0,0,0,0,5449
1,1,1,0,1,0,1,0,1,1,1,0,1,1,1,1,0,1,0,1,0,1,1,0,0,0,5328
1,1,1,0,1,1,1,0,1,1,1,0,1,1,1,1,0,1,0,1,0,1,1,0,0,0,5510
1,1,1,0,1,0,1,0,1,1,1,0,1,1,1,1,0,1,0,1,0,1,0,0,0,1,5235
1,1,1,0,1,0,1,0,1,1,1,0,1,1,1,1,0,1,0,1,0,1,1,0,0,1,5387
1,1,1,0,1,1,1,0,1,1,1,0,1,1,1,1,0,1,0,1,0,1,0,0,0,1,5421
1,1,1,0,1,1,1,0,1,1,1,0,1,1,1,1,0,1,0,1,0,1,1,0,0,1,5502
1,1,1,0,1,0,1,0,1,0,1,0,1,1,1,1,0,1,1,0,0,1,0,0,0,0,3249
1,1,1,0,1,1,1,0,1,0,1,0,1,1,1,1,0,1,1,0,0,1,0,0,0,0,3065
1,1,1,0,1,0,1,0,1,0,1,0,1,1,1,1,0,1,1,0,0,1,1,0,0,0,3177
1,1,1,0,1,1,1,0,1,0,1,0,1,1,1,1,0,1,1,0,0,1,1,0,0,0,3235
1,1,1,0,1,0,1,0,1,1,1,0,1,1,1,1,0,1,1,0,0,1,0,0,0,0,3263
1,1,1,0,1,0,1,0,1,1,1,0,1,1,1,1,0,1,1,0,0,1,1,0,0,0,3143
1,1,1,0,1,1,1,0,1,1,1,0,1,1,1,1,0,1,1,0,0,1,0,0,0,0,3085
1,1,1,0,1,1,1,0,1,1,1,0,1,1,1,1,0,1,1,0,0,1,1,0,0,0,3058
1,1,1,0,1,0,1,0,1,1,1,0,1,1,1,1,0,1,1,0,0,1,0,0,0,1,3216
1,1,1,0,1,1,1,0,1,1,1,0,1,1,1,1,0,1,1,0,0,1,0,0,0,1,3336
1,1,1,0,1,0,1,0,1,1,1,0,1,1,1,1,0,1,1,0,0,1,1,0,0,1,3347
1,1,1,0,1,1,1,0,1,1,1,0,1,1,1,1,0,1,1,0,0,1,1,0,0,1,3517
1,1,1,1,1,0,1,0,1,0,1,1,1,1,1,1,0,1,0,1,1,0,0,1,1,0,5216
1,1,1,1,1,1,1,0,1,0,1,1,1,1,1,1,0,1,0,1,1,0,0,1,1,0,5361
1,1,1,1,1,0,1,0,1,0,1,1,1,1,1,1,0,1,0,1,1,0,1,1,1,0,5356
1,1,1,1,1,1,1,0,1,0,1,1,1,1,1,1,0,1,0,1,1,0,1,1,1,0,5462
1,1,1,1,1,0,1,0,1,1,1,1,1,1,1,1,0,1,0,1,1,0,0,1,1,0,5233
1,1,1,1,1,0,1,0,1,1,1,1,1,1,1,1,0,1,0,1,1,0,1,1,1,0,5343
1,1,1,1,1,1,1,0,1,1,1,1,1,1,1,1,0,1,0,1,1,0,0,1,1,0,5390
1,1,1,1,1,1,1,0,1,1,1,1,1,1,1,1,0,1,0,1,1,0,1,1,1,0,5548
1,1,1,1,1,0,1,0,1,1,1,1,1,1,1,1,0,1,0,1,1,0,0,1,1,1,5274
1,1,1,1,1,1,1,0,1,1,1,1,1,1,1,1,0,1,0,1,1,0,0,1,1,1,5419
1,1,1,1,1,0,1,0,1,1,1,1,1,1,1,1,0,1,0,1,1,0,1,1,1,1,5314
1,1,1,1,1,1,1,0,1,1,1,1,1,1,1,1,0,1,0,1,1,0,1,1,1,1,5508
1,1,1,1,1,0,1,0,1,0,1,1,1,1,1,1,0,1,1,0,1,0,0,1,1,0,2986
1,1,1,1,1,0,1,0,1,0,1,1,1,1,1,1,0,1,1,0,1,0,1,1,1,0,3155
1,1,1,1,1,1,1,0,1,0,1,1,1,1,1,1,0,1,1,0,1,0,0,1,1,0,3171
1,1,1,1,1,1,1,0,1,0,1,1,1,1,1,1,0,1,1,0,1,0,1,1,1,0,3325
1,1,1,1,1,0,1,0,1,1,1,1,1,1,1,1,0,1,1,0,1,0,0,1,1,0,3157
1,1,1,1,1,0,1,0,1,1,1,1,1,1,1,1,0,1,1,0,1,0,1,1,1,0,2960
1,1,1,1,1,1,1,0,1,1,1,1,1,1,1,1,0,1,1,0,1,0,0,1,1,0,3154
1,1,1,1,1,1,1,0,1,1,1,1,1,1,1,1,0,1,1,0,1,0,1,1,1,0,3424
1,1,1,1,1,0,1,0,1,1,1,1,1,1,1,1,0,1,1,0,1,0,0,1,1,1,3195
1,1,1,1,1,1,1,0,1,1,1,1,1,1,1,1,0,1,1,0,1,0,0,1,1,1,3258
1,1,1,1,1,0,1,0,1,1,1,1,1,1,1,1,0,1,1,0,1,0,1,1,1,1,3155
1,1,1,1,1,1,1,0,1,1,1,1,1,1,1,1,0,1,1,0,1,0,1,1,1,1,3457
1,1,1,0,1,0,1,0,1,0,1,1,1,1,1,1,0,1,1,0,1,1,0,1,1,0,3165
1,1,1,0,1,0,1,0,1,0,1,1,1,1,1,1,0,1,1,0,1,1,1,1,1,0,3106
1,1,1,0,1,1,1,0,1,0,1,1,1,1,1,1,0,1,1,0,1,1,0,1,1,0,3161
1,1,1,0,1,1,1,0,1,0,1,1,1,1,1,1,0,1,1,0,1,1,1,1,1,0,3303
1,1,1,0,1,0,1,0,1,1,1,1,1,1,1,1,0,1,1,0,1,1,0,1,1,0,3178
1,1,1,0,1,1,1,0,1,1,1,1,1,1,1,1,0,1,1,0,1,1,0,1,1,0,3127
1,1,1,0,1,0,1,0,1,1,1,1,1,1,1,1,0,1,1,0,1,1,1,1,1,0,3185
1,1,1,0,1,1,1,0,1,1,1,1,1,1,1,1,0,1,1,0,1,1,1,1,1,0,3167
1,1,1,0,1,0,1,0,1,1,1,1,1,1,1,1,0,1,1,0,1,1,0,1,1,1,3532
1,1,1,0,1,0,1,0,1,1,1,1,1,1,1,1,0,1,1,0,1,1,1,1,1,1,3238
1,1,1,0,1,1,1,0,1,1,1,1,1,1,1,1,0,1,1,0,1,1,0,1,1,1,3358
1,1,1,0,1,1,1,0,1,1,1,1,1,1,1,1,0,1,1,0,1,1,1,1,1,1,3230
1,1,1,0,1,0,1,0,1,0,1,1,1,1,1,1,0,1,0,1,1,1,0,1,1,0,5186
1,1,1,0,1,1,1,0,1,0,1,1,1,1,1,1,0,1,0,1,1,1,0,1,1,0,5354
1,1,1,0,1,0,1,0,1,0,1,1,1,1,1,1,0,1,0,1,1,1,1,1,1,0,5342
1,1,1,0,1,1,1,0,1,0,1,1,1,1,1,1,0,1,0,1,1,1,1,1,1,0,5499
1,1,1,0,1,0,1,0,1,1,1,1,1,1,1,1,0,1,0,1,1,1,0,1,1,0,5230
1,1,1,0,1,1,1,0,1,1,1,1,1,1,1,1,0,1,0,1,1,1,0,1,1,0,5465
1,1,1,0,1,0,1,0,1,1,1,1,1,1,1,1,0,1,0,1,1,1,1,1,1,0,5314
1,1,1,0,1,1,1,0,1,1,1,1,1,1,1,1,0,1,0,1,1,1,1,1,1,0,5457
1,1,1,0,1,0,1,0,1,1,1,1,1,1,1,1,0,1,0,1,1,1,0,1,1,1,5241
1,1,1,0,1,0,1,0,1,1,1,1,1,1,1,1,0,1,0,1,1,1,1,1,1,1,5339
1,1,1,0,1,1,1,0,1,1,1,1,1,1,1,1,0,1,0,1,1,1,0,1,1,1,5420
1,1,1,0,1,1,1,0,1,1,1,1,1,1,1,1,0,1,0,1,1,1,1,1,1,1,5467
1,1,1,1,1,0,1,1,1,0,1,1,1,1,1,1,0,1,0,1,0,0,0,1,1,0,14685
1,1,1,1,1,1,1,1,1,0,1,1,1,1,1,1,0,1,0,1,0,0,0,1,1,0,16342
1,1,1,1,1,0,1,1,1,0,1,1,1,1,1,1,0,1,0,1,0,0,1,1,1,0,14744
1,1,1,1,1,1,1,1,1,0,1,1,1,1,1,1,0,1,0,1,0,0,1,1,1,0,16479
1,1,1,1,1,0,1,1,1,1,1,1,1,1,1,1,0,1,0,1,0,0,0,1,1,0,14594
1,1,1,1,1,0,1,1,1,1,1,1,1,1,1,1,0,1,0,1,0,0,1,1,1,0,14694
1,1,1,1,1,1,1,1,1,1,1,1,1,1,1,1,0,1,0,1,0,0,0,1,1,0,16351
1,1,1,1,1,1,1,1,1,1,1,1,1,1,1,1,0,1,0,1,0,0,1,1,1,0,16440
1,1,1,1,1,0,1,1,1,1,1,1,1,1,1,1,0,1,0,1,0,0,0,1,1,1,14785
1,1,1,1,1,1,1,1,1,1,1,1,1,1,1,1,0,1,0,1,0,0,0,1,1,1,16399
1,1,1,1,1,0,1,1,1,1,1,1,1,1,1,1,0,1,0,1,0,0,1,1,1,1,14656
1,1,1,1,1,1,1,1,1,1,1,1,1,1,1,1,0,1,0,1,0,0,1,1,1,1,16448
1,1,1,0,1,0,1,1,1,0,1,1,1,1,1,1,0,1,0,1,0,1,0,1,1,0,14653
1,1,1,0,1,0,1,1,1,0,1,1,1,1,1,1,0,1,0,1,0,1,1,1,1,0,14852
1,1,1,0,1,1,1,1,1,0,1,1,1,1,1,1,0,1,0,1,0,1,0,1,1,0,16427
1,1,1,0,1,1,1,1,1,0,1,1,1,1,1,1,0,1,0,1,0,1,1,1,1,0,16446
1,1,1,0,1,0,1,1,1,1,1,1,1,1,1,1,0,1,0,1,0,1,0,1,1,0,14627
1,1,1,0,1,0,1,1,1,1,1,1,1,1,1,1,0,1,0,1,0,1,1,1,1,0,14710
1,1,1,0,1,1,1,1,1,1,1,1,1,1,1,1,0,1,0,1,0,1,0,1,1,0,16401
1,1,1,0,1,1,1,1,1,1,1,1,1,1,1,1,0,1,0,1,0,1,1,1,1,0,16531
1,1,1,0,1,0,1,1,1,1,1,1,1,1,1,1,0,1,0,1,0,1,0,1,1,1,14667
1,1,1,0,1,1,1,1,1,1,1,1,1,1,1,1,0,1,0,1,0,1,0,1,1,1,16392
1,1,1,0,1,0,1,1,1,1,1,1,1,1,1,1,0,1,0,1,0,1,1,1,1,1,14727
1,1,1,0,1,1,1,1,1,1,1,1,1,1,1,1,0,1,0,1,0,1,1,1,1,1,16442
1,1,1,0,1,0,1,1,1,0,1,1,1,1,1,1,0,1,1,0,0,1,0,1,1,0,4705
1,1,1,0,1,0,1,1,1,0,1,1,1,1,1,1,0,1,1,0,0,1,1,1,1,0,4894
1,1,1,0,1,1,1,1,1,0,1,1,1,1,1,1,0,1,1,0,0,1,0,1,1,0,4951
1,1,1,0,1,1,1,1,1,0,1,1,1,1,1,1,0,1,1,0,0,1,1,1,1,0,5045
1,1,1,0,1,0,1,1,1,1,1,1,1,1,1,1,0,1,1,0,0,1,0,1,1,0,4759
1,1,1,0,1,1,1,1,1,1,1,1,1,1,1,1,0,1,1,0,0,1,0,1,1,0,4920
1,1,1,0,1,0,1,1,1,1,1,1,1,1,1,1,0,1,1,0,0,1,1,1,1,0,4915
1,1,1,0,1,1,1,1,1,1,1,1,1,1,1,1,0,1,1,0,0,1,1,1,1,0,5048
1,1,1,0,1,0,1,1,1,1,1,1,1,1,1,1,0,1,1,0,0,1,0,1,1,1,4668
1,1,1,0,1,0,1,1,1,1,1,1,1,1,1,1,0,1,1,0,0,1,1,1,1,1,4897
1,1,1,0,1,1,1,1,1,1,1,1,1,1,1,1,0,1,1,0,0,1,0,1,1,1,4957
1,1,1,0,1,1,1,1,1,1,1,1,1,1,1,1,0,1,1,0,0,1,1,1,1,1,5091
1,1,1,1,1,0,1,1,1,0,1,1,1,1,1,1,0,1,1,0,0,0,0,1,1,0,4669
1,1,1,1,1,1,1,1,1,0,1,1,1,1,1,1,0,1,1,0,0,0,0,1,1,0,4898
1,1,1,1,1,0,1,1,1,0,1,1,1,1,1,1,0,1,1,0,0,0,1,1,1,0,4907
1,1,1,1,1,1,1,1,1,0,1,1,1,1,1,1,0,1,1,0,0,0,1,1,1,0,5044
1,1,1,1,1,0,1,1,1,1,1,1,1,1,1,1,0,1,1,0,0,0,0,1,1,0,4698
1,1,1,1,1,1,1,1,1,1,1,1,1,1,1,1,0,1,1,0,0,0,0,1,1,0,4943
1,1,1,1,1,0,1,1,1,1,1,1,1,1,1,1,0,1,1,0,0,0,1,1,1,0,4913
1,1,1,1,1,1,1,1,1,1,1,1,1,1,1,1,0,1,1,0,0,0,1,1,1,0,5090
1,1,1,1,1,0,1,1,1,1,1,1,1,1,1,1,0,1,1,0,0,0,0,1,1,1,4792
1,1,1,1,1,0,1,1,1,1,1,1,1,1,1,1,0,1,1,0,0,0,1,1,1,1,4880
1,1,1,1,1,1,1,1,1,1,1,1,1,1,1,1,0,1,1,0,0,0,0,1,1,1,4953
1,1,1,1,1,1,1,1,1,1,1,1,1,1,1,1,0,1,1,0,0,0,1,1,1,1,5062
