gvn,inline,instcombine,ipsccp,iv_users,jump_threading,licm,print_used_types,sccp,simplifycfg,time_passes,PERF
0,0,0,0,0,0,0,0,0,0,1,210.44
0,0,0,0,1,0,0,0,1,0,1,200.66
0,1,0,1,1,0,0,0,0,1,1,213.603333333333
0,1,1,1,1,1,1,1,0,1,1,248.583333333333
1,1,1,0,0,1,1,0,0,1,1,251.803333333333
1,1,1,0,1,1,1,0,0,1,1,261.573333333333
1,1,1,0,0,1,1,1,0,1,1,267.593333333333
1,1,1,0,1,1,1,1,0,1,1,260.693333333333
1,1,1,1,0,1,1,0,0,1,1,265.423333333333
1,1,1,1,0,1,1,1,0,1,1,262.94
1,1,1,1,1,1,1,0,0,1,1,263.82
1,1,1,1,1,1,1,1,0,1,1,267.51
0,1,1,0,0,1,1,0,1,1,1,268.55
0,1,0,0,0,0,0,1,0,1,1,214.886666666667
0,1,1,0,1,1,1,0,1,1,1,249.343333333333
0,1,1,1,0,1,1,0,1,1,1,251.786666666667
0,1,1,1,1,1,1,0,1,1,1,251.523333333333
1,1,1,0,0,1,1,0,1,1,1,252.683333333333
1,1,1,1,0,1,1,0,1,1,1,263.586666666667
1,1,1,0,1,1,1,0,1,1,1,264.743333333333
1,1,1,1,1,1,1,0,1,1,1,269.47
0,1,1,0,0,1,1,1,1,1,1,269.47
0,1,1,0,1,1,1,1,1,1,1,249.36
1,1,1,0,0,1,1,1,1,1,1,250.43
0,1,0,1,0,0,0,1,0,1,1,210.996666666667
1,1,1,0,1,1,1,1,1,1,1,262.113333333333
0,1,1,1,0,1,1,1,1,1,1,267.173333333333
1,1,1,1,0,1,1,1,1,1,1,252.446666666667
0,1,1,1,1,1,1,1,1,1,1,265.816666666667
1,1,1,1,1,1,1,1,1,1,1,253.673333333333
0,1,0,0,1,0,0,1,0,1,1,215.01
0,1,0,1,1,0,0,1,0,1,1,212.053333333333
0,1,0,0,0,1,0,0,0,1,1,216.373333333333
0,1,0,0,1,1,0,0,0,1,1,210.506666666667
0,1,0,0,0,1,0,1,0,1,1,212.713333333333
0,1,0,0,1,1,0,1,0,1,1,211.48
0,1,0,1,0,1,0,0,0,1,1,213.096666666667
0,0,0,0,0,0,0,1,1,0,1,202.386666666667
0,1,0,1,0,1,0,1,0,1,1,214.406666666667
0,1,0,1,1,1,0,0,0,1,1,215.733333333333
0,1,0,1,1,1,0,1,0,1,1,215.946666666667
0,1,0,0,0,0,0,0,1,1,1,217.236666666667
0,1,0,0,1,0,0,0,1,1,1,212.443333333333
0,1,0,1,0,0,0,0,1,1,1,214.38
0,1,0,1,1,0,0,0,1,1,1,215.943333333333
0,1,0,0,0,1,0,0,1,1,1,217.466666666667
0,1,0,1,0,1,0,0,1,1,1,213.406666666667
0,1,0,0,1,1,0,0,1,1,1,216.923333333333
0,0,0,0,1,0,0,1,1,0,1,201.896666666667
0,1,0,1,1,1,0,0,1,1,1,215.366666666667
0,1,0,0,0,0,0,1,1,1,1,218.233333333333
0,1,0,0,1,0,0,1,1,1,1,213
0,1,0,0,0,1,0,1,1,1,1,214.48
0,1,0,0,1,1,0,1,1,1,1,214.05
0,1,0,1,0,0,0,1,1,1,1,215.47
0,1,0,1,0,1,0,1,1,1,1,217.293333333333
0,1,0,1,1,0,0,1,1,1,1,218.323333333333
0,1,0,1,1,1,0,1,1,1,1,218.623333333333
0,0,1,0,0,0,0,0,0,0,1,219.636666666667
0,0,0,1,0,0,0,0,1,0,1,203.636666666667
0,0,1,0,1,0,0,0,0,0,1,216.403333333333
0,0,1,1,0,0,0,0,0,0,1,218.816666666667
0,0,1,1,1,0,0,0,0,0,1,219.283333333333
0,0,1,0,0,0,0,1,0,0,1,221.376666666667
0,0,1,1,0,0,0,1,0,0,1,217.286666666667
0,0,1,0,1,0,0,1,0,0,1,220.396666666667
0,0,1,1,1,0,0,1,0,0,1,219.386666666667
0,0,1,0,0,0,0,0,1,0,1,222.433333333333
0,0,1,0,1,0,0,0,1,0,1,218.096666666667
0,0,1,0,0,0,0,1,1,0,1,220.423333333333
0,0,0,1,0,0,0,1,1,0,1,204.176666666667
0,0,1,0,1,0,0,1,1,0,1,218.89
0,0,1,1,0,0,0,0,1,0,1,221.166666666667
0,0,1,1,0,0,0,1,1,0,1,221.01
0,0,1,1,1,0,0,0,1,0,1,222.086666666667
0,0,1,1,1,0,0,1,1,0,1,223.296666666667
0,0,1,0,0,0,0,0,0,1,1,224.073333333333
0,0,1,0,1,0,0,0,0,1,1,217.696666666667
0,0,1,1,0,0,0,0,0,1,1,219.966666666667
0,0,1,1,1,0,0,0,0,1,1,220.386666666667
0,0,1,0,0,0,0,0,1,1,1,222.52
0,0,0,1,1,0,0,0,1,0,1,205.13
0,0,1,1,0,0,0,0,1,1,1,219.333333333333
0,0,1,0,1,0,0,0,1,1,1,222.186666666667
0,0,1,1,1,0,0,0,1,1,1,221.726666666667
0,0,1,0,0,0,0,1,0,1,1,224.176666666667
0,0,1,0,1,0,0,1,0,1,1,218.563333333333
0,0,1,0,0,0,0,1,1,1,1,220.573333333333
0,0,1,0,1,0,0,1,1,1,1,220.21
0,0,1,1,0,0,0,1,0,1,1,222.266666666667
0,0,1,1,0,0,0,1,1,1,1,221.26
0,0,1,1,1,0,0,1,0,1,1,223.07
0,0,0,1,1,0,0,1,1,0,1,205.99
0,0,1,1,1,0,0,1,1,1,1,223.286666666667
0,1,1,0,0,0,0,0,0,0,1,224.95
0,1,1,0,1,0,0,0,0,0,1,224.49
0,1,1,1,0,0,0,0,0,0,1,227.013333333333
0,1,1,1,1,0,0,0,0,0,1,227.4
0,1,1,0,0,0,0,1,0,0,1,229.276666666667
0,1,1,1,0,0,0,1,0,0,1,224.99
0,1,1,0,1,0,0,1,0,0,1,228.646666666667
0,1,1,1,1,0,0,1,0,0,1,227.153333333333
0,1,1,0,0,0,0,0,0,1,1,230.536666666667
0,0,0,0,0,0,0,0,0,1,1,206.9
0,1,1,0,1,0,0,0,0,1,1,226.13
0,1,1,0,0,0,0,1,0,1,1,228.653333333333
0,1,1,0,1,0,0,1,0,1,1,226.57
0,1,1,1,0,0,0,0,0,1,1,228.466666666667
0,1,1,1,0,0,0,1,0,1,1,229.07
0,1,1,1,1,0,0,0,0,1,1,230.466666666667
0,1,1,1,1,0,0,1,0,1,1,230.793333333333
0,1,1,0,0,0,0,0,1,0,1,232.116666666667
0,1,1,0,1,0,0,0,1,0,1,226.883333333333
0,1,1,1,0,0,0,0,1,0,1,229.186666666667
0,0,0,0,1,0,0,0,0,1,1,200.38
0,1,1,1,1,0,0,0,1,0,1,229.643333333333
0,1,1,0,0,0,0,0,1,1,1,231.39
0,1,1,1,0,0,0,0,1,1,1,228.266666666667
0,1,1,0,1,0,0,0,1,1,1,231.253333333333
0,1,1,1,1,0,0,0,1,1,1,230.773333333333
0,1,1,0,0,0,0,1,1,0,1,232.76
0,1,1,0,1,0,0,1,1,0,1,227.19
0,1,1,0,0,0,0,1,1,1,1,229.123333333333
0,1,1,0,1,0,0,1,1,1,1,228.856666666667
0,1,1,1,0,0,0,1,1,0,1,230.686666666667
0,0,0,1,0,0,0,0,0,1,1,201.833333333333
0,1,1,1,0,0,0,1,1,1,1,230.943333333333
0,1,1,1,1,0,0,1,1,0,1,232.29
0,1,1,1,1,0,0,1,1,1,1,232.523333333333
0,0,1,0,0,1,0,0,0,0,1,234.08
0,0,1,0,1,1,0,0,0,0,1,217.093333333333
0,0,1,1,0,1,0,0,0,0,1,219.396666666667
0,0,1,1,1,1,0,0,0,0,1,219.746666666667
0,0,1,0,0,1,0,1,0,0,1,221.783333333333
0,0,1,1,0,1,0,1,0,0,1,217.9
0,0,1,0,1,1,0,1,0,0,1,220.863333333333
0,0,0,0,1,0,0,0,0,0,1,210.34
0,0,0,1,1,0,0,0,0,1,1,203.53
0,0,1,1,1,1,0,1,0,0,1,219.913333333333
0,0,1,0,0,1,0,0,1,0,1,222.823333333333
0,0,1,0,1,1,0,0,1,0,1,218.726666666667
0,0,1,0,0,1,0,1,1,0,1,221.056666666667
0,0,1,0,1,1,0,1,1,0,1,219.626666666667
0,0,1,1,0,1,0,0,1,0,1,221.623333333333
0,0,1,1,0,1,0,1,1,0,1,221.443333333333
0,0,1,1,1,1,0,0,1,0,1,222.366666666667
0,0,1,1,1,1,0,1,1,0,1,223.42
0,1,1,0,0,1,0,0,0,0,1,224.326666666667
0,0,0,0,0,0,0,0,1,1,1,205.206666666667
0,1,1,0,1,1,0,0,0,0,1,225.34
0,1,1,1,0,1,0,0,0,0,1,227.75
0,1,1,1,1,1,0,0,0,0,1,228.256666666667
0,1,1,0,0,1,0,0,1,0,1,230.08
0,1,1,1,0,1,0,0,1,0,1,227.733333333333
0,1,1,0,1,1,0,0,1,0,1,230.573333333333
0,1,1,1,1,1,0,0,1,0,1,230.14
0,1,1,0,0,1,0,1,0,0,1,232.143333333333
0,1,1,0,1,1,0,1,0,0,1,225.796666666667
0,1,1,0,0,1,0,1,1,0,1,227.53
0,0,0,1,0,0,0,0,1,1,1,202.063333333333
0,1,1,0,1,1,0,1,1,0,1,227.99
0,1,1,1,0,1,0,1,0,0,1,229.946666666667
0,1,1,1,0,1,0,1,1,0,1,229.56
0,1,1,1,1,1,0,1,0,0,1,231.686666666667
0,1,1,1,1,1,0,1,1,0,1,231.206666666667
0,0,1,0,0,1,0,0,0,1,1,233.276666666667
0,0,1,0,1,1,0,0,0,1,1,218.123333333333
0,0,1,1,0,1,0,0,0,1,1,220.37
0,0,1,1,1,1,0,0,0,1,1,220.803333333333
0,0,1,0,0,1,0,1,0,1,1,222.896666666667
0,0,0,0,1,0,0,0,1,1,1,205.363333333333
0,0,1,1,0,1,0,1,0,1,1,219.076666666667
0,0,1,0,1,1,0,1,0,1,1,221.86
0,0,1,1,1,1,0,1,0,1,1,220.976666666667
0,1,1,0,0,1,0,0,0,1,1,223.773333333333
0,1,1,0,1,1,0,0,0,1,1,226.746666666667
0,1,1,0,0,1,0,1,0,1,1,229.296666666667
0,1,1,0,1,1,0,1,0,1,1,227.286666666667
0,1,1,1,0,1,0,0,0,1,1,228.973333333333
0,1,1,1,0,1,0,1,0,1,1,229.68
0,1,1,1,1,1,0,0,0,1,1,230.823333333333
0,0,0,1,1,0,0,0,1,1,1,203.976666666667
0,1,1,1,1,1,0,1,0,1,1,231.196666666667
0,0,1,0,0,1,0,0,1,1,1,232.66
0,0,1,0,1,1,0,0,1,1,1,219.87
0,0,1,1,0,1,0,0,1,1,1,222.163333333333
0,0,1,1,1,1,0,0,1,1,1,222.556666666667
0,1,1,0,0,1,0,0,1,1,1,224.506666666667
0,1,1,1,0,1,0,0,1,1,1,229.206666666667
0,1,1,0,1,1,0,0,1,1,1,231.77
0,1,1,1,1,1,0,0,1,1,1,231.326666666667
0,0,1,0,0,1,0,1,1,1,1,233.276666666667
0,0,0,0,0,0,0,1,0,1,1,207.12
0,0,1,0,1,1,0,1,1,1,1,220.82
0,1,1,0,0,1,0,1,1,1,1,222.626666666667
0,1,1,0,1,1,0,1,1,1,1,229.553333333333
0,0,1,1,0,1,0,1,1,1,1,231.16
0,1,1,1,0,1,0,1,1,1,1,223.52
0,0,1,1,1,1,0,1,1,1,1,232.96
0,1,1,1,1,1,0,1,1,1,1,225.156666666667
1,0,0,0,0,0,0,0,0,0,1,234.68
1,0,0,0,1,0,0,0,0,0,1,219.153333333333
1,0,0,1,0,0,0,0,0,0,1,224.43
0,0,0,0,1,0,0,1,0,1,1,201.47
1,0,0,1,1,0,0,0,0,0,1,223.683333333333
1,0,0,0,0,0,0,1,0,0,1,227.853333333333
1,0,0,1,0,0,0,1,0,0,1,221.333333333333
1,0,0,0,1,0,0,1,0,0,1,224.733333333333
1,0,0,1,1,0,0,1,0,0,1,225.62
1,0,0,0,0,0,0,0,1,0,1,229.166666666667
1,0,0,0,1,0,0,0,1,0,1,221.25
1,0,0,0,0,0,0,1,1,0,1,226.503333333333
1,0,0,0,1,0,0,1,1,0,1,223.493333333333
1,0,0,1,0,0,0,0,1,0,1,227.78
0,0,0,0,0,0,0,1,1,1,1,203.19
1,0,0,1,0,0,0,1,1,0,1,225.503333333333
1,0,0,1,1,0,0,0,1,0,1,226.566666666667
1,0,0,1,1,0,0,1,1,0,1,229.79
1,0,0,0,0,0,0,0,0,1,1,230.74
1,0,0,0,1,0,0,0,0,1,1,222.236666666667
1,0,0,1,0,0,0,0,0,1,1,227.393333333333
1,0,0,1,1,0,0,0,0,1,1,225.413333333333
1,0,0,0,0,0,0,0,1,1,1,229.676666666667
1,0,0,1,0,0,0,0,1,1,1,224.336666666667
1,0,0,0,1,0,0,0,1,1,1,227.183333333333
0,0,0,0,1,0,0,1,1,1,1,203.19
1,0,0,1,1,0,0,0,1,1,1,229.243333333333
1,0,0,0,0,0,0,1,0,1,1,231.336666666667
1,0,0,0,1,0,0,1,0,1,1,223.213333333333
1,0,0,0,0,0,0,1,1,1,1,227.443333333333
1,0,0,0,1,0,0,1,1,1,1,225.26
1,0,0,1,0,0,0,1,0,1,1,229.313333333333
1,0,0,1,0,0,0,1,1,1,1,226.58
1,0,0,1,1,0,0,1,0,1,1,228.336666666667
1,0,0,1,1,0,0,1,1,1,1,230.653333333333
1,0,0,0,0,1,0,0,0,0,1,232.2
0,0,0,1,0,0,0,1,0,1,1,204.963333333333
1,0,0,0,1,1,0,0,0,0,1,221.606666666667
1,0,0,1,0,1,0,0,0,0,1,226.7
1,0,0,1,1,1,0,0,0,0,1,224.526666666667
1,0,0,0,0,1,0,1,0,0,1,228.936666666667
1,0,0,1,0,1,0,1,0,0,1,222.556666666667
1,0,0,0,1,1,0,1,0,0,1,225.686666666667
1,0,0,1,1,1,0,1,0,0,1,226.65
1,0,0,0,0,1,0,0,0,1,1,229.856666666667
1,0,0,0,1,1,0,0,0,1,1,223.013333333333
1,0,0,0,0,1,0,1,0,1,1,227.94
0,0,0,1,0,0,0,0,0,0,1,201.153333333333
0,0,0,1,0,0,0,1,1,1,1,204.73
1,0,0,0,1,1,0,1,0,1,1,223.976666666667
1,0,0,1,0,1,0,0,0,1,1,227.906666666667
1,0,0,1,0,1,0,1,0,1,1,226.086666666667
1,0,0,1,1,1,0,0,0,1,1,227.026666666667
1,0,0,1,1,1,0,1,0,1,1,230.313333333333
1,0,0,0,0,1,0,0,1,0,1,231.19
1,0,0,0,1,1,0,0,1,0,1,223.336666666667
1,0,0,1,0,1,0,0,1,0,1,228.283333333333
1,0,0,1,1,1,0,0,1,0,1,226.133333333333
1,0,0,0,0,1,0,0,1,1,1,230.59
0,0,0,1,1,0,0,1,0,1,1,206.426666666667
1,0,0,1,0,1,0,0,1,1,1,224.876666666667
1,0,0,0,1,1,0,0,1,1,1,227.64
1,0,0,1,1,1,0,0,1,1,1,229.816666666667
1,0,0,0,0,1,0,1,1,0,1,231.796666666667
1,0,0,0,1,1,0,1,1,0,1,224.296666666667
1,0,0,0,0,1,0,1,1,1,1,228.563333333333
1,0,0,0,1,1,0,1,1,1,1,225.773333333333
1,0,0,1,0,1,0,1,1,0,1,230.133333333333
1,0,0,1,0,1,0,1,1,1,1,227.12
1,0,0,1,1,1,0,1,1,0,1,228.716666666667
0,0,0,1,1,0,0,1,1,1,1,206.35
1,0,0,1,1,1,0,1,1,1,1,231.313333333333
1,0,1,0,0,0,0,0,0,0,1,232.7
1,0,1,0,1,0,0,0,0,0,1,234.87
1,0,1,1,0,0,0,0,0,0,1,240.163333333333
1,0,1,1,1,0,0,0,0,0,1,238.783333333333
1,0,1,0,0,0,0,1,0,0,1,242.916666666667
1,0,1,1,0,0,0,1,0,0,1,236.886666666667
1,0,1,0,1,0,0,1,0,0,1,239.656666666667
1,0,1,1,1,0,0,1,0,0,1,241.7
1,0,1,0,0,0,0,0,1,0,1,244.5
0,0,0,0,0,1,0,0,0,0,1,208.046666666667
1,0,1,0,1,0,0,0,1,0,1,237.75
1,0,1,0,0,0,0,1,1,0,1,242.786666666667
1,0,1,0,1,0,0,1,1,0,1,239.273333333333
1,0,1,1,0,0,0,0,1,0,1,243.366666666667
1,0,1,1,0,0,0,1,1,0,1,241.016666666667
1,0,1,1,1,0,0,0,1,0,1,241.97
1,0,1,1,1,0,0,1,1,0,1,245.156666666667
1,0,1,0,0,1,0,0,0,0,1,245.936666666667
1,0,1,0,1,1,0,0,0,0,1,238.096666666667
1,0,1,1,0,1,0,0,0,0,1,242.806666666667
0,0,0,0,1,1,0,0,0,0,1,199.683333333333
1,0,1,1,1,1,0,0,0,0,1,240.22
1,0,1,0,0,1,0,0,1,0,1,244.49
1,0,1,1,0,1,0,0,1,0,1,239.926666666667
1,0,1,0,1,1,0,0,1,0,1,242.086666666667
1,0,1,1,1,1,0,0,1,0,1,244.593333333333
1,0,1,0,0,1,0,1,0,0,1,246.026666666667
1,0,1,0,1,1,0,1,0,0,1,238.703333333333
1,0,1,0,0,1,0,1,1,0,1,242.56
1,0,1,0,1,1,0,1,1,0,1,240.406666666667
1,0,1,1,0,1,0,1,0,0,1,244.26
0,0,0,1,0,1,0,0,0,0,1,201.546666666667
1,0,1,1,0,1,0,1,1,0,1,241.326666666667
1,0,1,1,1,1,0,1,0,0,1,242.856666666667
1,0,1,1,1,1,0,1,1,0,1,245.22
1,0,1,0,0,0,0,0,0,1,1,246.756666666667
1,0,1,0,1,0,0,0,0,1,1,238.733333333333
1,0,1,1,0,0,0,0,0,1,1,243.523333333333
1,0,1,1,1,0,0,0,0,1,1,240.983333333333
1,0,1,0,0,0,0,1,0,1,1,244.73
1,0,1,1,0,0,0,1,0,1,1,239.366666666667
1,0,1,0,1,0,0,1,0,1,1,241.703333333333
0,0,0,1,1,1,0,0,0,0,1,202.933333333333
1,0,1,1,1,0,0,1,0,1,1,243.123333333333
1,0,1,0,0,1,0,0,0,1,1,245.756666666667
1,0,1,0,1,1,0,0,0,1,1,239.556666666667
1,0,1,0,0,1,0,1,0,1,1,244.283333333333
1,0,1,0,1,1,0,1,0,1,1,240.21
1,0,1,1,0,1,0,0,0,1,1,243.963333333333
1,0,1,1,0,1,0,1,0,1,1,241.826666666667
1,0,1,1,1,1,0,0,0,1,1,242.736666666667
1,0,1,1,1,1,0,1,0,1,1,245.7
1,0,1,0,0,0,0,0,1,1,1,246.48
0,0,0,0,0,1,0,1,0,0,1,204.686666666667
1,0,1,0,1,0,0,0,1,1,1,240.34
1,0,1,1,0,0,0,0,1,1,1,245.196666666667
1,0,1,1,1,0,0,0,1,1,1,242.426666666667
1,0,1,0,0,1,0,0,1,1,1,246.496666666667
1,0,1,1,0,1,0,0,1,1,1,241.233333333333
1,0,1,0,1,1,0,0,1,1,1,243.26
1,0,1,1,1,1,0,0,1,1,1,246.16
1,0,1,0,0,0,0,1,1,1,1,247.276666666667
1,0,1,0,1,0,0,1,1,1,1,240.983333333333
1,0,1,0,0,1,0,1,1,1,1,244.606666666667
0,0,0,1,0,1,0,1,0,0,1,200.82
1,0,1,0,1,1,0,1,1,1,1,241.78
1,0,1,1,0,0,0,1,1,1,1,245.596666666667
1,0,1,1,0,1,0,1,1,1,1,243.443333333333
1,0,1,1,1,0,0,1,1,1,1,244.233333333333
1,0,1,1,1,1,0,1,1,1,1,247.166666666667
1,1,0,0,0,0,0,0,0,0,1,248.016666666667
1,1,0,0,1,0,0,0,0,0,1,230.166666666667
1,1,0,1,0,0,0,0,0,0,1,236.243333333333
1,1,0,1,1,0,0,0,0,0,1,233.666666666667
1,1,0,0,0,0,0,1,0,0,1,238.62
0,0,0,0,1,1,0,1,0,0,1,204.05
1,1,0,1,0,0,0,1,0,0,1,231.036666666667
1,1,0,0,1,0,0,1,0,0,1,235.173333333333
1,1,0,1,1,0,0,1,0,0,1,235.92
1,1,0,0,0,0,0,0,1,0,1,239.976666666667
1,1,0,0,1,0,0,0,1,0,1,232.86
1,1,0,0,0,0,0,1,1,0,1,238.78
1,1,0,0,1,0,0,1,1,0,1,233.433333333333
1,1,0,1,0,0,0,0,1,0,1,238.253333333333
1,1,0,1,0,0,0,1,1,0,1,235.97
1,1,0,1,1,0,0,0,1,0,1,237.443333333333
0,0,0,1,1,0,0,0,0,0,1,202.233333333333
0,0,0,1,1,1,0,1,0,0,1,202.69
1,1,0,1,1,0,0,1,1,0,1,240.993333333333
1,1,0,0,0,0,0,0,0,1,1,242.156666666667
1,1,0,0,1,0,0,0,0,1,1,232.33
1,1,0,1,0,0,0,0,0,1,1,238.246666666667
1,1,0,1,1,0,0,0,0,1,1,235.346666666667
1,1,0,0,0,0,0,0,1,1,1,240.233333333333
1,1,0,1,0,0,0,0,1,1,1,234.653333333333
1,1,0,0,1,0,0,0,1,1,1,237.866666666667
1,1,0,1,1,0,0,0,1,1,1,240.986666666667
1,1,0,0,0,0,0,1,0,1,1,242.546666666667
0,0,0,0,0,1,0,0,0,1,1,205.946666666667
1,1,0,0,1,0,0,1,0,1,1,232.956666666667
1,1,0,0,0,0,0,1,1,1,1,237.69
1,1,0,0,1,0,0,1,1,1,1,235.533333333333
1,1,0,1,0,0,0,1,0,1,1,240.05
1,1,0,1,0,0,0,1,1,1,1,237.036666666667
1,1,0,1,1,0,0,1,0,1,1,239.32
1,1,0,1,1,0,0,1,1,1,1,241.57
1,1,1,0,0,0,0,0,0,0,1,244.03
1,1,1,0,1,0,0,0,0,0,1,244.91
1,1,1,1,0,0,0,0,0,0,1,251.58
0,0,0,0,1,1,0,0,0,1,1,200.923333333333
1,1,1,1,1,0,0,0,0,0,1,247.503333333333
1,1,1,0,0,0,0,1,0,0,1,253.053333333333
1,1,1,1,0,0,0,1,0,0,1,245.316666666667
1,1,1,0,1,0,0,1,0,0,1,248.97
1,1,1,1,1,0,0,1,0,0,1,250.62
1,1,1,0,0,0,0,0,0,1,1,253.963333333333
1,1,1,0,1,0,0,0,0,1,1,246.94
1,1,1,0,0,0,0,1,0,1,1,253.256666666667
1,1,1,0,1,0,0,1,0,1,1,247.266666666667
1,1,1,1,0,0,0,0,0,1,1,252.14
0,0,0,0,0,1,0,1,0,1,1,202.936666666667
1,1,1,1,0,0,0,1,0,1,1,249.566666666667
1,1,1,1,1,0,0,0,0,1,1,250.68
1,1,1,1,1,0,0,1,0,1,1,254.256666666667
1,1,1,0,0,0,0,0,1,0,1,255.473333333333
1,1,1,0,1,0,0,0,1,0,1,247.076666666667
1,1,1,1,0,0,0,0,1,0,1,253.636666666667
1,1,1,1,1,0,0,0,1,0,1,249.81
1,1,1,0,0,0,0,0,1,1,1,255.023333333333
1,1,1,1,0,0,0,0,1,1,1,249.116666666667
1,1,1,0,1,0,0,0,1,1,1,251.516666666667
0,0,0,0,1,1,0,1,0,1,1,201.973333333333
1,1,1,1,1,0,0,0,1,1,1,255.47
1,1,1,0,0,0,0,1,1,0,1,256.453333333333
1,1,1,0,1,0,0,1,1,0,1,247.716666666667
1,1,1,0,0,0,0,1,1,1,1,252.683333333333
1,1,1,0,1,0,0,1,1,1,1,249.343333333333
1,1,1,1,0,0,0,1,1,0,1,254.143333333333
1,1,1,1,0,0,0,1,1,1,1,251
1,1,1,1,1,0,0,1,1,0,1,252.58
1,1,1,1,1,0,0,1,1,1,1,256.183333333333
1,1,0,0,0,1,0,0,0,0,1,257.513333333333
0,0,0,1,0,1,0,0,0,1,1,203.933333333333
1,1,0,0,1,1,0,0,0,0,1,231.33
1,1,0,1,0,1,0,0,0,0,1,237.496666666667
1,1,0,1,1,1,0,0,0,0,1,234.55
1,1,0,0,0,1,0,1,0,0,1,239.563333333333
1,1,0,1,0,1,0,1,0,0,1,231.913333333333
1,1,0,0,1,1,0,1,0,0,1,235.973333333333
1,1,0,1,1,1,0,1,0,0,1,236.84
1,1,0,0,0,1,0,0,1,0,1,240.826666666667
1,1,0,0,1,1,0,0,1,0,1,234.25
1,1,0,0,0,1,0,1,1,0,1,240.623333333333
0,0,0,1,0,1,0,1,0,1,1,204.293333333333
1,1,0,0,1,1,0,1,1,0,1,235.03
1,1,0,1,0,1,0,0,1,0,1,239.79
1,1,0,1,0,1,0,1,1,0,1,237.523333333333
1,1,0,1,1,1,0,0,1,0,1,239.06
1,1,0,1,1,1,0,1,1,0,1,242.5
1,1,1,0,0,1,0,0,0,0,1,243.783333333333
1,1,1,0,1,1,0,0,0,0,1,246.733333333333
1,1,1,1,0,1,0,0,0,0,1,253.153333333333
1,1,1,1,1,1,0,0,0,0,1,249.386666666667
1,1,1,0,0,1,0,0,1,0,1,254.336666666667
0,0,0,1,1,1,0,0,0,1,1,205.47
1,1,1,1,0,1,0,0,1,0,1,248.893333333333
1,1,1,0,1,1,0,0,1,0,1,251.41
1,1,1,1,1,1,0,0,1,0,1,255.39
1,1,1,0,0,1,0,1,0,0,1,256.473333333333
1,1,1,0,1,1,0,1,0,0,1,247.08
1,1,1,0,0,1,0,1,1,0,1,252.06
1,1,1,0,1,1,0,1,1,0,1,249.28
1,1,1,1,0,1,0,1,0,0,1,254.13
1,1,1,1,0,1,0,1,1,0,1,250.493333333333
1,1,1,1,1,1,0,1,0,0,1,252.513333333333
0,0,0,1,1,1,0,1,0,1,1,206.226666666667
1,1,1,1,1,1,0,1,1,0,1,255.363333333333
1,1,0,0,0,1,0,0,0,1,1,257.54
1,1,0,0,1,1,0,0,0,1,1,233.743333333333
1,1,0,1,0,1,0,0,0,1,1,240.073333333333
1,1,0,1,1,1,0,0,0,1,1,236.95
1,1,0,0,0,1,0,1,0,1,1,241.896666666667
1,1,0,1,0,1,0,1,0,1,1,234.336666666667
1,1,0,0,1,1,0,1,0,1,1,238.46
1,1,0,1,1,1,0,1,0,1,1,239.243333333333
1,1,1,0,0,1,0,0,0,1,1,243.283333333333
0,0,0,0,0,1,0,0,1,0,1,207.233333333333
1,1,1,0,1,1,0,0,0,1,1,248.536666666667
1,1,1,0,0,1,0,1,0,1,1,254.89
1,1,1,0,1,1,0,1,0,1,1,248.81
1,1,1,1,0,1,0,0,0,1,1,253.653333333333
1,1,1,1,0,1,0,1,0,1,1,251.013333333333
1,1,1,1,1,1,0,0,0,1,1,252.14
1,1,1,1,1,1,0,1,0,1,1,255.873333333333
1,1,0,0,0,1,0,0,1,1,1,256.97
1,1,0,0,1,1,0,0,1,1,1,236.226666666667
1,1,0,1,0,1,0,0,1,1,1,242.456666666667
0,0,0,0,0,0,0,1,0,0,1,204.053333333333
0,0,0,0,1,1,0,0,1,0,1,201.703333333333
1,1,0,1,1,1,0,0,1,1,1,239.51
1,1,1,0,0,1,0,0,1,1,1,244.253333333333
1,1,1,1,0,1,0,0,1,1,1,250.726666666667
1,1,1,0,1,1,0,0,1,1,1,253.1
1,1,1,1,1,1,0,0,1,1,1,257.17
1,1,0,0,0,1,0,1,1,1,1,258.05
1,1,0,0,1,1,0,1,1,1,1,236.893333333333
1,1,1,0,0,1,0,1,1,1,1,241.693333333333
1,1,1,0,1,1,0,1,1,1,1,250.863333333333
1,1,0,1,0,1,0,1,1,1,1,255.623333333333
0,0,0,1,0,1,0,0,1,0,1,203.56
1,1,1,1,0,1,0,1,1,1,1,240.543333333333
1,1,0,1,1,1,0,1,1,1,1,254.243333333333
1,1,1,1,1,1,0,1,1,1,1,245.343333333333
0,0,0,0,0,0,1,0,0,0,1,258.826666666667
0,0,0,0,1,0,1,0,0,0,1,212.446666666667
0,0,0,1,0,0,1,0,0,0,1,213.266666666667
0,0,0,1,1,0,1,0,0,0,1,215.606666666667
0,0,0,0,0,0,1,1,0,0,1,216.636666666667
0,0,0,1,0,0,1,1,0,0,1,213.533333333333
0,0,0,0,1,0,1,1,0,0,1,216.586666666667
0,0,0,1,1,1,0,0,1,0,1,205.086666666667
0,0,0,1,1,0,1,1,0,0,1,214.326666666667
0,0,0,0,0,0,1,0,1,0,1,217.396666666667
0,0,0,0,1,0,1,0,1,0,1,214.37
0,0,0,0,0,0,1,1,1,0,1,215.13
0,0,0,0,1,0,1,1,1,0,1,215.293333333333
0,0,0,1,0,0,1,0,1,0,1,216.223333333333
0,0,0,1,0,0,1,1,1,0,1,217.55
0,0,0,1,1,0,1,0,1,0,1,218.433333333333
0,0,0,1,1,0,1,1,1,0,1,218.403333333333
0,0,0,0,0,0,1,0,0,1,1,219.496666666667
0,0,0,0,0,1,0,0,1,1,1,206.616666666667
0,0,0,0,1,0,1,0,0,1,1,213.48
0,0,0,1,0,0,1,0,0,1,1,214.283333333333
0,0,0,1,1,0,1,0,0,1,1,216.716666666667
0,0,0,0,0,0,1,0,1,1,1,217.68
0,0,0,1,0,0,1,0,1,1,1,215.19
0,0,0,0,1,0,1,0,1,1,1,218.296666666667
0,0,0,1,1,0,1,0,1,1,1,216.23
0,0,0,0,0,0,1,1,0,1,1,219.306666666667
0,0,0,0,1,0,1,1,0,1,1,214.653333333333
0,0,0,0,0,0,1,1,1,1,1,215.483333333333
0,0,0,1,0,1,0,0,1,1,1,202.81
0,0,0,0,1,0,1,1,1,1,1,216.27
0,0,0,1,0,0,1,1,0,1,1,217.073333333333
0,0,0,1,0,0,1,1,1,1,1,217.653333333333
0,0,0,1,1,0,1,1,0,1,1,219.37
0,0,0,1,1,0,1,1,1,1,1,218.586666666667
0,0,0,0,0,1,1,0,0,0,1,220.08
0,0,0,0,1,1,1,0,0,0,1,212.92
0,0,0,1,0,1,1,0,0,0,1,213.86
0,0,0,1,1,1,1,0,0,0,1,215.993333333333
0,0,0,0,0,1,1,1,0,0,1,217.063333333333
0,0,0,0,1,1,0,0,1,1,1,206.116666666667
0,0,0,1,0,1,1,1,0,0,1,213.996666666667
0,0,0,0,1,1,1,1,0,0,1,217.186666666667
0,0,0,1,1,1,1,1,0,0,1,215.026666666667
0,0,0,0,0,1,1,0,0,1,1,218.073333333333
0,0,0,0,1,1,1,0,0,1,1,214.243333333333
0,0,0,0,0,1,1,1,0,1,1,215.02
0,0,0,0,1,1,1,1,0,1,1,215.183333333333
0,0,0,1,0,1,1,0,0,1,1,216.296666666667
0,0,0,1,0,1,1,1,0,1,1,217.403333333333
0,0,0,1,1,1,1,0,0,1,1,218.4
0,0,0,1,1,1,0,0,1,1,1,204.96
0,0,0,1,1,1,1,1,0,1,1,218.503333333333
0,0,0,0,0,1,1,0,1,0,1,219.313333333333
0,0,0,0,1,1,1,0,1,0,1,214.886666666667
0,0,0,1,0,1,1,0,1,0,1,215.853333333333
0,0,0,1,1,1,1,0,1,0,1,218.02
0,0,0,0,0,1,1,0,1,1,1,218.96
0,0,0,1,0,1,1,0,1,1,1,216.063333333333
0,0,0,0,1,1,1,0,1,1,1,219.076666666667
0,0,0,1,1,1,1,0,1,1,1,216.873333333333
0,0,0,0,0,1,1,1,1,0,1,219.826666666667
0,0,0,0,0,1,0,1,1,0,1,207.89
0,0,0,0,1,1,1,1,1,0,1,215.956666666667
0,0,0,0,0,1,1,1,1,1,1,216.913333333333
0,0,0,0,1,1,1,1,1,1,1,216.906666666667
0,0,0,1,0,1,1,1,1,0,1,218.036666666667
0,0,0,1,0,1,1,1,1,1,1,219.05
0,0,0,1,1,1,1,1,1,0,1,219.873333333333
0,0,0,1,1,1,1,1,1,1,1,219.946666666667
0,1,0,0,0,0,1,0,0,0,1,220.866666666667
0,1,0,0,1,0,1,0,0,0,1,241.776666666667
0,1,0,1,0,0,1,0,0,0,1,243.793333333333
0,0,0,0,1,1,0,1,1,0,1,202.68
0,1,0,1,1,0,1,0,0,0,1,246.126666666667
0,1,0,0,0,0,1,1,0,0,1,246.956666666667
0,1,0,1,0,0,1,1,0,0,1,243.083333333333
0,1,0,0,1,0,1,1,0,0,1,247.37
0,1,0,1,1,0,1,1,0,0,1,244.12
0,1,0,0,0,0,1,0,1,0,1,248.196666666667
0,1,0,0,1,0,1,0,1,0,1,256.94
0,1,0,0,0,0,1,1,1,0,1,259.393333333333
0,1,0,0,1,0,1,1,1,0,1,261.013333333333
0,1,0,1,0,0,1,0,1,0,1,260.88
0,0,0,0,0,1,0,1,1,1,1,204.513333333333
0,1,0,1,0,0,1,1,1,0,1,264.18
0,1,0,1,1,0,1,0,1,0,1,265.38
0,1,0,1,1,0,1,1,1,0,1,264.64
0,1,0,0,0,1,1,0,0,0,1,266.323333333333
0,1,0,0,1,1,1,0,0,0,1,255.436666666667
0,1,0,1,0,1,1,0,0,0,1,257.17
0,1,0,1,1,1,1,0,0,0,1,261.836666666667
0,1,0,0,0,1,1,0,1,0,1,263.31
0,1,0,1,0,1,1,0,1,0,1,257.713333333333
0,1,0,0,1,1,1,0,1,0,1,264.18
0,0,0,1,0,0,0,1,0,0,1,199.953333333333
0,0,0,0,1,1,0,1,1,1,1,203.856666666667
0,1,0,1,1,1,1,0,1,0,1,259.5
0,1,0,0,0,1,1,1,0,0,1,264.736666666667
0,1,0,0,1,1,1,1,0,0,1,257.676666666667
0,1,0,0,0,1,1,1,1,0,1,259.366666666667
0,1,0,0,1,1,1,1,1,0,1,260.823333333333
0,1,0,1,0,1,1,1,0,0,1,261.533333333333
0,1,0,1,0,1,1,1,1,0,1,262.483333333333
0,1,0,1,1,1,1,1,0,0,1,265.65
0,1,0,1,1,1,1,1,1,0,1,264.29
0,1,0,0,0,0,1,0,0,1,1,266.19
0,0,0,1,0,1,0,1,1,0,1,205.74
0,1,0,0,1,0,1,0,0,1,1,256.06
0,1,0,1,0,0,1,0,0,1,1,258.16
0,1,0,1,1,0,1,0,0,1,1,263.13
0,1,0,0,0,0,1,1,0,1,1,263.58
0,1,0,1,0,0,1,1,0,1,1,259.383333333333
0,1,0,0,1,0,1,1,0,1,1,263.746666666667
0,1,0,1,1,0,1,1,0,1,1,260.413333333333
0,1,0,0,0,1,1,0,0,1,1,264.51
0,1,0,0,1,1,1,0,0,1,1,257.043333333333
0,1,0,0,0,1,1,1,0,1,1,259.38
0,0,0,1,0,1,0,1,1,1,1,205.706666666667
0,1,0,0,1,1,1,1,0,1,1,260.77
0,1,0,1,0,1,1,0,0,1,1,261.43
0,1,0,1,0,1,1,1,0,1,1,263.583333333333
0,1,0,1,1,1,1,0,0,1,1,263.776666666667
0,1,0,1,1,1,1,1,0,1,1,264.04
0,1,0,0,0,0,1,0,1,1,1,265.69
0,1,0,0,1,0,1,0,1,1,1,258.9
0,1,0,1,0,0,1,0,1,1,1,261.076666666667
0,1,0,1,1,0,1,0,1,1,1,265.4
0,1,0,0,0,1,1,0,1,1,1,266.026666666667
0,0,0,1,1,1,0,1,1,0,1,207.1
0,1,0,1,0,1,1,0,1,1,1,259.693333333333
0,1,0,0,1,1,1,0,1,1,1,266.12
0,1,0,1,1,1,1,0,1,1,1,262.006666666667
0,1,0,0,0,0,1,1,1,1,1,267.17
0,1,0,0,1,0,1,1,1,1,1,261.896666666667
0,1,0,0,0,1,1,1,1,1,1,263.043333333333
0,1,0,0,1,1,1,1,1,1,1,263.186666666667
0,1,0,1,0,0,1,1,1,1,1,263.57
0,1,0,1,0,1,1,1,1,1,1,266.386666666667
0,1,0,1,1,0,1,1,1,1,1,267.07
0,0,0,1,1,1,0,1,1,1,1,207.646666666667
0,1,0,1,1,1,1,1,1,1,1,266.54
1,0,0,0,0,0,1,0,0,0,1,267.426666666667
1,0,0,0,1,0,1,0,0,0,1,228.3
1,0,0,1,0,0,1,0,0,0,1,232.616666666667
1,0,0,1,1,0,1,0,0,0,1,232.18
1,0,0,0,0,0,1,1,0,0,1,236.21
1,0,0,1,0,0,1,1,0,0,1,230.236666666667
1,0,0,0,1,0,1,1,0,0,1,233.326666666667
1,0,0,1,1,0,1,1,0,0,1,234.1
1,0,0,0,0,0,1,0,1,0,1,237.133333333333
0,1,0,0,0,0,0,0,0,0,1,208.92
1,0,0,0,1,0,1,0,1,0,1,230.466666666667
1,0,0,0,0,0,1,1,1,0,1,234.696666666667
1,0,0,0,1,0,1,1,1,0,1,232.026666666667
1,0,0,1,0,0,1,0,1,0,1,235.733333333333
1,0,0,1,0,0,1,1,1,0,1,234.053333333333
1,0,0,1,1,0,1,0,1,0,1,235.12
1,0,0,1,1,0,1,1,1,0,1,237.896666666667
1,0,0,0,0,0,1,0,0,1,1,238.753333333333
1,0,0,0,1,0,1,0,0,1,1,231.216666666667
1,0,0,1,0,0,1,0,0,1,1,235.513333333333
0,1,0,0,1,0,0,0,0,0,1,207.746666666667
1,0,0,1,1,0,1,0,0,1,1,234.006666666667
1,0,0,0,0,0,1,0,1,1,1,237.89
1,0,0,1,0,0,1,0,1,1,1,233.116666666667
1,0,0,0,1,0,1,0,1,1,1,235.7
1,0,0,1,1,0,1,0,1,1,1,237.506666666667
1,0,0,0,0,0,1,1,0,1,1,239.593333333333
1,0,0,0,1,0,1,1,0,1,1,231.886666666667
1,0,0,0,0,0,1,1,1,1,1,235.85
1,0,0,0,1,0,1,1,1,1,1,233.793333333333
1,0,0,1,0,0,1,1,0,1,1,237.47
0,1,0,1,0,0,0,0,0,0,1,209.703333333333
1,0,0,1,0,0,1,1,1,1,1,234.95
1,0,0,1,1,0,1,1,0,1,1,236.586666666667
1,0,0,1,1,0,1,1,1,1,1,238.823333333333
1,1,0,0,0,0,1,0,0,0,1,240.346666666667
1,1,0,0,1,0,1,0,0,0,1,243.933333333333
1,1,0,1,0,0,1,0,0,0,1,249.663333333333
1,1,0,1,1,0,1,0,0,0,1,246.39
1,1,0,0,0,0,1,1,0,0,1,250.876666666667
1,1,0,1,0,0,1,1,0,0,1,243.806666666667
1,1,0,0,1,0,1,1,0,0,1,247.626666666667
0,1,0,1,1,0,0,0,0,0,1,211.39
1,1,0,1,1,0,1,1,0,0,1,248.403333333333
1,1,0,0,0,0,1,0,0,1,1,252.21
1,1,0,0,1,0,1,0,0,1,1,245.79
1,1,0,0,0,0,1,1,0,1,1,251.906666666667
1,1,0,0,1,0,1,1,0,1,1,245.563333333333
1,1,0,1,0,0,1,0,0,1,1,250.26
1,1,0,1,0,0,1,1,0,1,1,248.07
1,1,0,1,1,0,1,0,0,1,1,249.3
1,1,0,1,1,0,1,1,0,1,1,252.746666666667
1,1,0,0,0,0,1,0,1,0,1,253.983333333333
0,1,0,0,0,0,0,1,0,0,1,213.183333333333
1,1,0,0,1,0,1,0,1,0,1,246.376666666667
1,1,0,1,0,0,1,0,1,0,1,252.126666666667
1,1,0,1,1,0,1,0,1,0,1,248.783333333333
1,1,0,0,0,0,1,0,1,1,1,253.393333333333
1,1,0,1,0,0,1,0,1,1,1,248.603333333333
1,1,0,0,1,0,1,0,1,1,1,250.443333333333
1,1,0,1,1,0,1,0,1,1,1,254.266666666667
1,1,0,0,0,0,1,1,1,0,1,255.173333333333
1,1,0,0,1,0,1,1,1,0,1,246.086666666667
1,1,0,0,0,0,1,1,1,1,1,250.566666666667
0,0,0,0,1,0,0,1,0,0,1,203.18
0,1,0,1,0,0,0,1,0,0,1,208.37
1,1,0,0,1,0,1,1,1,1,1,248.063333333333
1,1,0,1,0,0,1,1,1,0,1,252.52
1,1,0,1,0,0,1,1,1,1,1,250.04
1,1,0,1,1,0,1,1,1,0,1,251.566666666667
1,1,0,1,1,0,1,1,1,1,1,254.59
1,0,0,0,0,1,1,0,0,0,1,256.223333333333
1,0,0,0,1,1,1,0,0,0,1,230.79
1,0,0,1,0,1,1,0,0,0,1,235.21
1,0,0,1,1,1,1,0,0,0,1,233.55
1,0,0,0,0,1,1,1,0,0,1,237.333333333333
0,1,0,0,1,0,0,1,0,0,1,212.936666666667
1,0,0,1,0,1,1,1,0,0,1,231.443333333333
1,0,0,0,1,1,1,1,0,0,1,234.24
1,0,0,1,1,1,1,1,0,0,1,235.313333333333
1,0,0,0,0,1,1,0,1,0,1,238.203333333333
1,0,0,0,1,1,1,0,1,0,1,232.493333333333
1,0,0,0,0,1,1,1,1,0,1,237.063333333333
1,0,0,0,1,1,1,1,1,0,1,233.12
1,0,0,1,0,1,1,0,1,0,1,236.976666666667
1,0,0,1,0,1,1,1,1,0,1,235.233333333333
1,0,0,1,1,1,1,0,1,0,1,235.946666666667
0,1,0,1,1,0,0,1,0,0,1,210.236666666667
1,0,0,1,1,1,1,1,1,0,1,239.036666666667
1,1,0,0,0,1,1,0,0,0,1,239.963333333333
1,1,0,0,1,1,1,0,0,0,1,245.21
1,1,0,1,0,1,1,0,0,0,1,251.09
1,1,0,1,1,1,1,0,0,0,1,247.373333333333
1,1,0,0,0,1,1,0,1,0,1,252.043333333333
1,1,0,1,0,1,1,0,1,0,1,247.79
1,1,0,0,1,1,1,0,1,0,1,249.68
1,1,0,1,1,1,1,0,1,0,1,253.82
1,1,0,0,0,1,1,1,0,0,1,254.393333333333
0,1,0,0,0,0,0,0,1,0,1,214.72
1,1,0,0,1,1,1,1,0,0,1,244.846666666667
1,1,0,0,0,1,1,1,1,0,1,249.563333333333
1,1,0,0,1,1,1,1,1,0,1,247.013333333333
1,1,0,1,0,1,1,1,0,0,1,252.036666666667
1,1,0,1,0,1,1,1,1,0,1,249.086666666667
1,1,0,1,1,1,1,1,0,0,1,251.25
1,1,0,1,1,1,1,1,1,0,1,253.54
1,0,0,0,0,1,1,0,0,1,1,255.643333333333
1,0,0,0,1,1,1,0,0,1,1,232.216666666667
1,0,0,1,0,1,1,0,0,1,1,236.64
0,1,0,0,1,0,0,0,1,0,1,210.706666666667
1,0,0,1,1,1,1,0,0,1,1,234.773333333333
1,0,0,0,0,1,1,1,0,1,1,238.736666666667
1,0,0,1,0,1,1,1,0,1,1,232.636666666667
1,0,0,0,1,1,1,1,0,1,1,235.573333333333
1,0,0,1,1,1,1,1,0,1,1,236.58
1,1,0,0,0,1,1,0,0,1,1,239.496666666667
1,1,0,0,1,1,1,0,0,1,1,246.943333333333
1,1,0,0,0,1,1,1,0,1,1,252.893333333333
1,1,0,0,1,1,1,1,0,1,1,246.503333333333
1,1,0,1,0,1,1,0,0,1,1,251.033333333333
0,1,0,0,0,0,0,1,1,0,1,212.516666666667
1,1,0,1,0,1,1,1,0,1,1,249.046666666667
1,1,0,1,1,1,1,0,0,1,1,250.23
1,1,0,1,1,1,1,1,0,1,1,253.74
1,0,0,0,0,1,1,0,1,1,1,255.12
1,0,0,0,1,1,1,0,1,1,1,234.053333333333
1,0,0,1,0,1,1,0,1,1,1,238.556666666667
1,0,0,1,1,1,1,0,1,1,1,236.38
1,1,0,0,0,1,1,0,1,1,1,240.43
1,1,0,1,0,1,1,0,1,1,1,249.616666666667
1,1,0,0,1,1,1,0,1,1,1,251.31
0,1,0,0,1,0,0,1,1,0,1,211.186666666667
1,1,0,1,1,1,1,0,1,1,1,255.423333333333
1,0,0,0,0,1,1,1,1,1,1,256.226666666667
1,0,0,0,1,1,1,1,1,1,1,234.45
1,1,0,0,0,1,1,1,1,1,1,238.273333333333
1,1,0,0,1,1,1,1,1,1,1,248.74
1,0,0,1,0,1,1,1,1,1,1,253.47
1,1,0,1,0,1,1,1,1,1,1,237.346666666667
1,0,0,1,1,1,1,1,1,1,1,252.623333333333
1,1,0,1,1,1,1,1,1,1,1,241.226666666667
0,0,1,0,0,0,1,0,0,0,1,257.333333333333
0,1,0,1,0,0,0,0,1,0,1,212.94
0,0,1,0,1,0,1,0,0,0,1,230.74
0,0,1,1,0,0,1,0,0,0,1,231.996666666667
0,0,1,1,1,0,1,0,0,0,1,233.446666666667
0,0,1,0,0,0,1,1,0,0,1,234.266666666667
0,0,1,1,0,0,1,1,0,0,1,231
0,0,1,0,1,0,1,1,0,0,1,233.66
0,0,1,1,1,0,1,1,0,0,1,232.046666666667
0,0,1,0,0,0,1,0,1,0,1,234.866666666667
0,0,1,0,1,0,1,0,1,0,1,232.22
0,0,1,0,0,0,1,1,1,0,1,233.543333333333
0,1,0,1,0,0,0,1,1,0,1,214.25
0,0,1,0,1,0,1,1,1,0,1,232.65
0,0,1,1,0,0,1,0,1,0,1,233.85
0,0,1,1,0,0,1,1,1,0,1,235.163333333333
0,0,1,1,1,0,1,0,1,0,1,236.06
0,0,1,1,1,0,1,1,1,0,1,236.36
0,0,1,0,0,0,1,0,0,1,1,237.103333333333
0,0,1,0,1,0,1,0,0,1,1,231.62
0,0,1,1,0,0,1,0,0,1,1,232.636666666667
0,0,1,1,1,0,1,0,0,1,1,233.43
0,0,1,0,0,0,1,0,1,1,1,234.42
0,1,0,1,1,0,0,0,1,0,1,215.853333333333
0,0,1,1,0,0,1,0,1,1,1,233
0,0,1,0,1,0,1,0,1,1,1,234.873333333333
0,0,1,1,1,0,1,0,1,1,1,234.223333333333
0,0,1,0,0,0,1,1,0,1,1,235.853333333333
0,0,1,0,1,0,1,1,0,1,1,231.63
0,0,1,0,0,0,1,1,1,1,1,232.59
0,0,1,0,1,0,1,1,1,1,1,232.99
0,0,1,1,0,0,1,1,0,1,1,234.25
0,0,1,1,0,0,1,1,1,1,1,235.073333333333
0,0,1,1,1,0,1,1,0,1,1,236.53
0,0,0,1,1,0,0,1,0,0,1,201.52
0,1,0,1,1,0,0,1,1,0,1,215.883333333333
0,0,1,1,1,0,1,1,1,1,1,236.17
0,0,1,0,0,1,1,0,0,0,1,237.696666666667
0,0,1,0,1,1,1,0,0,0,1,231.323333333333
0,0,1,1,0,1,1,0,0,0,1,232.47
0,0,1,1,1,1,1,0,0,0,1,233.23
0,0,1,0,0,1,1,1,0,0,1,234.383333333333
0,0,1,1,0,1,1,1,0,0,1,231.756666666667
0,0,1,0,1,1,1,1,0,0,1,234.613333333333
0,0,1,1,1,1,1,1,0,0,1,232.983333333333
0,0,1,0,0,1,1,0,0,1,1,235.91
0,1,0,0,0,1,0,0,0,0,1,217.29
0,0,1,0,1,1,1,0,0,1,1,233.003333333333
0,0,1,0,0,1,1,1,0,1,1,234.063333333333
0,0,1,0,1,1,1,1,0,1,1,233.146666666667
0,0,1,1,0,1,1,0,0,1,1,234.133333333333
0,0,1,1,0,1,1,1,0,1,1,234.92
0,0,1,1,1,1,1,0,0,1,1,235.793333333333
0,0,1,1,1,1,1,1,0,1,1,235.96
0,0,1,0,0,1,1,0,1,0,1,236.736666666667
0,0,1,0,1,1,1,0,1,0,1,233.416666666667
0,0,1,1,0,1,1,0,1,0,1,234.466666666667
0,1,0,0,1,1,0,0,0,0,1,208.986666666667
0,0,1,1,1,1,1,0,1,0,1,235.373333333333
0,0,1,0,0,1,1,0,1,1,1,236.433333333333
0,0,1,1,0,1,1,0,1,1,1,234.56
0,0,1,0,1,1,1,0,1,1,1,236.346666666667
0,0,1,1,1,1,1,0,1,1,1,235.78
0,0,1,0,0,1,1,1,1,0,1,237.41
0,0,1,0,1,1,1,1,1,0,1,233.426666666667
0,0,1,0,0,1,1,1,1,1,1,234.746666666667
0,0,1,0,1,1,1,1,1,1,1,234.65
0,0,1,1,0,1,1,1,1,0,1,235.79
0,1,0,1,0,1,0,0,0,0,1,211.273333333333
0,0,1,1,0,1,1,1,1,1,1,236.306666666667
0,0,1,1,1,1,1,1,1,0,1,237.226666666667
0,0,1,1,1,1,1,1,1,1,1,237.36
1,0,1,0,0,0,1,0,0,0,1,238.23
1,0,1,0,1,0,1,0,0,0,1,246.003333333333
1,0,1,1,0,0,1,0,0,0,1,249.99
1,0,1,1,1,0,1,0,0,0,1,248.69
1,0,1,0,0,0,1,1,0,0,1,252.18
1,0,1,1,0,0,1,1,0,0,1,246.806666666667
1,0,1,0,1,0,1,1,0,0,1,249.496666666667
0,1,0,1,1,1,0,0,0,0,1,212.926666666667
1,0,1,1,1,0,1,1,0,0,1,250.24
1,0,1,0,0,0,1,0,1,0,1,252.836666666667
1,0,1,0,1,0,1,0,1,0,1,247.686666666667
1,0,1,0,0,0,1,1,1,0,1,251.74
1,0,1,0,1,0,1,1,1,0,1,248.34
1,0,1,1,0,0,1,0,1,0,1,251.706666666667
1,0,1,1,0,0,1,1,1,0,1,250.05
1,0,1,1,1,0,1,0,1,0,1,250.866666666667
1,0,1,1,1,0,1,1,1,0,1,253.506666666667
1,0,1,0,0,1,1,0,0,0,1,254.34
0,1,0,0,0,1,0,0,1,0,1,214.343333333333
1,0,1,0,1,1,1,0,0,0,1,247.803333333333
1,0,1,1,0,1,1,0,0,0,1,251.846666666667
1,0,1,1,1,1,1,0,0,0,1,249.576666666667
1,0,1,0,0,1,1,0,1,0,1,252.986666666667
1,0,1,1,0,1,1,0,1,0,1,249.436666666667
1,0,1,0,1,1,1,0,1,0,1,251.01
1,0,1,1,1,1,1,0,1,0,1,253.49
1,0,1,0,0,1,1,1,0,0,1,254.466666666667
1,0,1,0,1,1,1,1,0,0,1,247.613333333333
1,0,1,0,0,1,1,1,1,0,1,251.323333333333
0,1,0,1,0,1,0,0,1,0,1,211.586666666667
1,0,1,0,1,1,1,1,1,0,1,249.41
1,0,1,1,0,1,1,1,0,0,1,252.806666666667
1,0,1,1,0,1,1,1,1,0,1,250.276666666667
1,0,1,1,1,1,1,1,0,0,1,251.793333333333
1,0,1,1,1,1,1,1,1,0,1,254.423333333333
1,0,1,0,0,0,1,0,0,1,1,255.213333333333
1,0,1,0,1,0,1,0,0,1,1,247.993333333333
1,0,1,1,0,0,1,0,0,1,1,251.933333333333
1,0,1,1,1,0,1,0,0,1,1,249.716666666667
1,0,1,0,0,0,1,1,0,1,1,253.116666666667
0,1,0,0,1,1,0,0,1,0,1,215.313333333333
1,0,1,1,0,0,1,1,0,1,1,248.063333333333
1,0,1,0,1,0,1,1,0,1,1,250.336666666667
1,0,1,1,1,0,1,1,0,1,1,251.433333333333
1,0,1,0,0,1,1,0,0,1,1,254.073333333333
1,0,1,0,1,1,1,0,0,1,1,249.036666666667
1,0,1,0,0,1,1,1,0,1,1,252.82
1,0,1,0,1,1,1,1,0,1,1,248.903333333333
1,0,1,1,0,1,1,0,0,1,1,252.276666666667
1,0,1,1,0,1,1,1,0,1,1,250.533333333333
1,0,1,1,1,1,1,0,0,1,1,251.363333333333
0,1,0,1,1,1,0,0,1,0,1,213.846666666667
1,0,1,1,1,1,1,1,0,1,1,254.123333333333
1,0,1,0,0,0,1,0,1,1,1,255.013333333333
1,0,1,0,1,0,1,0,1,1,1,250.066666666667
1,0,1,1,0,0,1,0,1,1,1,253.743333333333
1,0,1,1,1,0,1,0,1,1,1,251.163333333333
1,0,1,0,0,1,1,0,1,1,1,254.496666666667
1,0,1,1,0,1,1,0,1,1,1,250.596666666667
1,0,1,0,1,1,1,0,1,1,1,251.983333333333
1,0,1,1,1,1,1,0,1,1,1,254.42
1,0,1,0,0,0,1,1,1,1,1,255.323333333333
0,1,0,0,0,1,0,1,0,0,1,216.836666666667
1,0,1,0,1,0,1,1,1,1,1,249.46
1,0,1,0,0,1,1,1,1,1,1,252.873333333333
1,0,1,0,1,1,1,1,1,1,1,250.48
1,0,1,1,0,0,1,1,1,1,1,253.57
1,0,1,1,0,1,1,1,1,1,1,251.813333333333
1,0,1,1,1,0,1,1,1,1,1,252.77
1,0,1,1,1,1,1,1,1,1,1,255.43
0,1,1,0,0,0,1,0,0,0,1,256.246666666667
0,1,1,0,1,0,1,0,0,0,1,244.916666666667
0,1,1,1,0,0,1,0,0,0,1,247.466666666667
0,0,0,0,0,0,0,0,1,0,1,204.986666666667
0,1,0,0,1,1,0,1,0,0,1,209.84
0,1,1,1,1,0,1,0,0,0,1,248.02
0,1,1,0,0,0,1,1,0,0,1,248.896666666667
0,1,1,1,0,0,1,1,0,0,1,245.496666666667
0,1,1,0,1,0,1,1,0,0,1,249.053333333333
0,1,1,1,1,0,1,1,0,0,1,246.32
0,1,1,0,0,0,1,0,1,0,1,250.163333333333
0,1,1,0,1,0,1,0,1,0,1,247.253333333333
0,1,1,0,0,0,1,1,1,0,1,249.786666666667
0,1,1,0,1,0,1,1,1,0,1,247.426666666667
0,1,1,1,0,0,1,0,1,0,1,248.43
0,1,0,0,0,1,0,1,1,0,1,211.59
0,1,1,1,0,0,1,1,1,0,1,250.12
0,1,1,1,1,0,1,0,1,0,1,251.236666666667
0,1,1,1,1,0,1,1,1,0,1,251.236666666667
0,1,1,0,0,0,1,0,0,1,1,252.266666666667
0,1,1,0,1,0,1,0,0,1,1,246.61
0,1,1,1,0,0,1,0,0,1,1,249.253333333333
0,1,1,1,1,0,1,0,0,1,1,249.013333333333
0,1,1,0,0,0,1,0,1,1,1,250.243333333333
0,1,1,1,0,0,1,0,1,1,1,248.71
0,1,1,0,1,0,1,0,1,1,1,251.02
0,1,0,0,1,1,0,1,1,0,1,212.45
0,1,1,1,1,0,1,0,1,1,1,251.296666666667
0,1,1,0,0,0,1,1,0,1,1,252.093333333333
0,1,1,0,1,0,1,1,0,1,1,246.653333333333
0,1,1,0,0,0,1,1,1,1,1,247.873333333333
0,1,1,0,1,0,1,1,1,1,1,248.65
0,1,1,1,0,0,1,1,0,1,1,249.833333333333
0,1,1,1,0,0,1,1,1,1,1,249.826666666667
0,1,1,1,1,0,1,1,0,1,1,251.913333333333
0,1,1,1,1,0,1,1,1,1,1,251.15
1,1,1,0,0,0,1,0,0,0,1,253.15
0,1,0,1,0,1,0,1,0,0,1,214.153333333333
1,1,1,0,1,0,1,0,0,0,1,258.556666666667
1,1,1,1,0,0,1,0,0,0,1,264.6
1,1,1,1,1,0,1,0,0,0,1,260.326666666667
1,1,1,0,0,0,1,1,0,0,1,264.993333333333
1,1,1,1,0,0,1,1,0,0,1,258.023333333333
1,1,1,0,1,0,1,1,0,0,1,261.436666666667
1,1,1,1,1,0,1,1,0,0,1,262.736666666667
1,1,1,0,0,0,1,0,0,1,1,266.096666666667
1,1,1,0,1,0,1,0,0,1,1,260.496666666667
1,1,1,0,0,0,1,1,0,1,1,266.45
0,1,0,1,0,1,0,1,1,0,1,214.313333333333
1,1,1,0,1,0,1,1,0,1,1,259.76
1,1,1,1,0,0,1,0,0,1,1,264.47
1,1,1,1,0,0,1,1,0,1,1,261.846666666667
1,1,1,1,1,0,1,0,0,1,1,262.95
1,1,1,1,1,0,1,1,0,1,1,266.516666666667
1,1,1,0,0,0,1,0,1,0,1,267.846666666667
1,1,1,0,1,0,1,0,1,0,1,261.09
1,1,1,1,0,0,1,0,1,0,1,267.043333333333
1,1,1,1,1,0,1,0,1,0,1,262.663333333333
1,1,1,0,0,0,1,0,1,1,1,267.28
0,1,0,1,1,1,0,1,0,0,1,216.913333333333
1,1,1,1,0,0,1,0,1,1,1,262.68
1,1,1,0,1,0,1,0,1,1,1,264.163333333333
1,1,1,1,1,0,1,0,1,1,1,268.796666666667
1,1,1,0,0,0,1,1,1,0,1,268.583333333333
1,1,1,0,1,0,1,1,1,0,1,260.173333333333
1,1,1,0,0,0,1,1,1,1,1,264.926666666667
1,1,1,0,1,0,1,1,1,1,1,261.676666666667
1,1,1,1,0,0,1,1,1,0,1,266.213333333333
1,1,1,1,0,0,1,1,1,1,1,263.716666666667
1,1,1,1,1,0,1,1,1,0,1,264.933333333333
0,1,0,1,1,1,0,1,1,0,1,215.74
1,1,1,1,1,0,1,1,1,1,1,268.416666666667
0,1,1,0,0,1,1,0,0,0,1,269.516666666667
0,1,1,0,1,1,1,0,0,0,1,245.793333333333
0,1,1,1,0,1,1,0,0,0,1,248.186666666667
0,1,1,1,1,1,1,0,0,0,1,248.416666666667
0,1,1,0,0,1,1,1,0,0,1,249.493333333333
0,1,1,1,0,1,1,1,0,0,1,246.006666666667
0,1,1,0,1,1,1,1,0,0,1,249.533333333333
0,1,1,1,1,1,1,1,0,0,1,247.26
0,1,1,0,0,1,1,0,1,0,1,250.596666666667
0,1,0,0,0,0,0,0,0,1,1,218.153333333333
0,1,1,0,1,1,1,0,1,0,1,247.673333333333
0,1,1,0,0,1,1,1,1,0,1,250.366666666667
0,1,1,0,1,1,1,1,1,0,1,248.03
0,1,1,1,0,1,1,0,1,0,1,249.3
0,1,1,1,0,1,1,1,1,0,1,250.45
0,1,1,1,1,1,1,0,1,0,1,251.516666666667
0,1,1,1,1,1,1,1,1,0,1,251.246666666667
1,1,1,0,0,1,1,0,0,0,1,252.5
1,1,1,0,1,1,1,0,0,0,1,260.166666666667
1,1,1,1,0,1,1,0,0,0,1,266.11
0,1,0,0,1,0,0,0,0,1,1,209.583333333333
1,1,1,1,1,1,1,0,0,0,1,261.686666666667
1,1,1,0,0,1,1,0,1,0,1,266.476666666667
1,1,1,1,0,1,1,0,1,0,1,262.22
1,1,1,0,1,1,1,0,1,0,1,263.786666666667
1,1,1,1,1,1,1,0,1,0,1,268.41
1,1,1,0,0,1,1,1,0,0,1,268.38
1,1,1,0,1,1,1,1,0,0,1,259.26
1,1,1,0,0,1,1,1,1,0,1,264.166666666667
1,1,1,0,1,1,1,1,1,0,1,261.363333333333
1,1,1,1,0,1,1,1,0,0,1,266.093333333333
0,1,0,1,0,0,0,0,0,1,1,211.743333333333
1,1,1,1,0,1,1,1,1,0,1,262.596666666667
1,1,1,1,1,1,1,1,0,0,1,264.6
1,1,1,1,1,1,1,1,1,0,1,267.316666666667
0,1,1,0,0,1,1,0,0,1,1,269.38
0,1,1,0,1,1,1,0,0,1,1,247.13
0,1,1,1,0,1,1,0,0,1,1,249.74
0,1,1,1,1,1,1,0,0,1,1,249.6
0,1,1,0,0,1,1,1,0,1,1,250.613333333333
0,1,1,1,0,1,1,1,0,1,1,247.31
0,1,1,0,1,1,1,1,0,1,1,250.753333333333
